,title,hits
5,,267599
4,,271997
3,,214518
169,"""24시간 안에 끝낸다"" 트럼프에 발빠른 축하…우크라전 뒤집힐까 / 연합뉴스 (Yonhapnews)",59481
323,"""DON'T Go After My Wife!"" Trump Victory Debate Feat Roger Stone, Sean Spicer & Anthony Scaramucci",1358402
165,"""Look what happened!"": Trump proclaims victory in 2024 US election | FULL SPEECH",641356
415,"""Look what happened!"": Trump proclaims victory in 2024 US election | FULL SPEECH",641356
295,"""Total Electoral BLOODBATH"" Donald Trump DEFEATS Kamala Harris!",3940810
499,"""We know you're lying"": Undecided voter's emotional response to Trump",1479688
516,"""You May Never Vote Again!"" - Oprah Winfrey's FEAR-MONGERING Anti-Trump Election Message EXPOSED!",1325628
522,"""가장 아름다운 단어야"" 트럼프 한마디에 한국 '초비상' #뉴스다 / JTBC News",475744
547,"""내 직감보다 못한 연준""...'메스' 든 트럼프, 칼 휘두르나 [지금이뉴스] / YTN",25971
107,"""땡큐 트럼프"" 치솟는 테슬라·비트코인 / SBS / #D리포트",33700
2,"""미국의 황금기를!"" 트럼프 한 마디에 날뛰는 지지자들...'초유 사태의 연속' 대통령 만든 '결정적 장면들' 돌아보니 (현장영상) / SBS",493783
48,"""미국의 황금기를!"" 트럼프 한 마디에 날뛰는 지지자들...'초유 사태의 연속' 대통령 만든 '결정적 장면들' 돌아보니 (현장영상) / SBS",493783
346,"""새 부통령은 유명한 흙수저임""…트럼프 러닝메이트 J.D 밴스는 누구? #shorts / KBS",22842
523,"""세상이 놀랄만한 관세"" 트럼프 폭주...다급해진 중국 '대탈출' [지금이뉴스] / YTN",177870
351,"""완전체 트럼프의 등장"" 이제 여러분이 알던 그 미국은 이제 없습니다 / 김정호 교수 (1부)",115920
602,"""위대한 승리 쟁취"" 트럼프, 승리 선언 연설 - 이 시각 플로리다 팜비치 현장 생중계 / SBS",132674
352,"""이란, 재선 전 트럼프 암살 논의""…3명 기소 / SBS",33194
426,"""젤렌스키 용돈 끊기 38일 전""…조롱글 올린 트럼프 장남 #소셜픽 / JTBC 아침&",129430
23,"""주한미군, 한국 주둔 불필요해""…'트럼프 2.0 시대' 대한민국에 닥칠 일 - 교양이를 부탁해 (이슈라이브) / SBS",38672
520,"""취임 첫날 불법 이민자 추방"" 트럼프 2기 첫 행정명령은..이란 암살 모의? ""산산조각 낼 것""/ SBS / 모아보는 뉴스",157016
271,'Apprentice' faked Trump's success?,385196
202,"'I Will Stop Wars,' Said Donald Trump In His Address In Florida | US Elections 2024 | News18",53832
300,"'I'm speechless': Hosts react to CNN, MSNBC takes on Trump victory",2355199
467,"'I'm speechless': Hosts react to CNN, MSNBC takes on Trump victory",2355226
252,'Lefty land' loses it over Donald Trump victory,5849959
433,'Longest Interview I've Ever Done': Trump Apologizes For Lateness To MI Rally Due To Joe Rogan Hit,1242013
268,'She Will Not Change Anything': Dana White Slams VP Harris At Trump's Madison Square Garden Rally,414388
22,"'Stop it, folks': Hear Kinzinger's message to people worried about Trump coming after them",507928
265,'TOTAL REJECTION': 'Fox & Friends' reacts to Trump's projected 2024 victory,3843865
488,'The Five' reacts to Kamala conceding to Trump,870304
377,'The Five' reacts to Trump's historic political comeback,1696637
230,'The Ice Maiden': Trump picks Susie Wiles as first female WH chief of staff,749404
240,'The Trump effect': Hosts react to cascading impact of Trump's 2024 victory,272898
273,"'The View,' MSNBC 'shattered' over Trump victory: 'Legacy media is dead'",1023886
65,"'This Is Karma, Ladies And Gentlemen!': Dana White Speaks During Trump Victory Celebration",1290383
364,'UTTER ARROGANCE': NY AG skewered for 'distasteful' post-Trump-victory remarks,1799884
62,'We have taken control of the state' - Trump,43368
363,'Wow!': Trump is surrounded by convicted and accused criminals,1504999
667,'You're Done...': Trump 'Border Czar' Tom Homan Reads Riot Act To 'Illegal Aliens',1286701
374,'You're Trying To Turn This Into Debate': Sparks Fly As Trump Pressed On Fears About U.S. Currency,1115150
436,"'미국 우선주의' 복귀, 한국 내 핵무장론 거세진다?",41447
25,'반트럼프' 집회 나선 미 여성들…한국 '4B 운동' 외신도 주목 / JTBC 뉴스룸,16569
0,'반트럼프' 집회 나선 미 여성들…한국 '4B 운동' 외신도 주목 / JTBC 뉴스룸,16569
428,"'초박빙'이라더니 막상 개표하니…트럼프 ""역사상 본 적 없는 승리"" 연설 (자막뉴스) / SBS",764797
447,'트럼프 독배' 받은 중국…경제 '악재' 대책 분주 / SBS 8뉴스,200003
567,"'핸디캡 2.5' 골프광 트럼프, 농구·미식축구와는 '으르렁' / YTN",20450
676,08-11: Mỹ Công Bố Âm Mưu Ám Sát TT Trump Đêm Bầu Cử - Mỹ Cảnh Báo Việt Nam Cản Trở Thông Tin Mạng,389911
454,1 Democrat vs 25 Trump Voters (Feat. Destiny) | Surrounded,5048171
635,2024 Presidential Election Prediction Donald Trump vs Kamala Harris!,1549085
203,4 Reasons why Kamala Harris Lost to Donald Trump | Vantage with Palki Sharma,1626886
52,A look at President-elect Trump’s path to victory in 2024,25911
605,ABD Seçim Sonuçları: Trump Açıklama Yapıyor! | NTV #CANLI,123906
604,APURAÇÃO DA ELEIÇÃO AMERICANA - KAMALA HARRIS VS. DONALD TRUMP | PROFESSOR HOC AO VIVO,1382011
356,Adin Ross gifted Donald Trump a Tesla Cybertruck with a photo of him across the side of it,478652
67,Adin Ross gifted Donald Trump a Tesla Cybertruck with a photo of him across the side of it,478652
355,All the Times Kamala Harris Baited Donald Trump During the Debate,1937169
156,Aubrey Plaza on Tony Hinchcliffe's Puerto Rico 'Garbage' Joke,367128
574,"BOOM: Trump BANS Nikki Haley, Mike Pompeo from White House in Humiliating Public Post: ‘No Neocons!’",626077
226,BREAKING NEWS: JD Vance Addresses Blowback To Tony Hinchcliffe's Remarks At Trump's MSG Rally,1294325
472,BREAKING NEWS: Trump Reacts To Bombshell Iowa Poll Showing Him 3 Points Down From Kamala Harris,303867
401,BREAKING NEWS: Trump Works The Fries At Pennsylvania McDonald's—And Accuses Kamala Harris Of Lying,1659547
235,"BREAKING: Third possible Trump assassination attempt thwarted, CA sheriff says",444072
181,Barron Is Rumored To Be Closest To This Trump #trump #celebkids #trumpfamily,836989
392,Barron Trump's Appearance Causes A Stir On Election Night,2116041
13,Bernie Sanders shares scathing reaction to Trump's win,628307
145,Biden addresses the nation after Trump's election victory,1424515
75,Biden jokingly wears Trump 2024 hat. #Biden #Trump #USElection #BBCNews,61506
353,"Big Bulletin With HR Ranganath | Donald Trump Wins US Elections | Nov 06, 2024",270811
493,Bill Clinton Trolls Donald Trump’s Awkward Town Hall ‘Dance’ Party,825682
370,Bill O'Reilly: Trump wants approval of people who hate him | Cuomo,97168
212,Bolton warns ‘we should be ready’ for Trump to declare victory early,804483
367,Border Patrol leader: 'President Trump strikes fear in the enemies of America',1750425
213,Breaking Down the Demographics of Trump’s 2024 Win | The View,196157
388,Brian Tyler Cohen SHUTS DOWN Trump's economic adviser,1437335
380,"Brian Tyler Cohen SPARS with Chris Cuomo over ""despot"" Trump",1845281
465,Brutal Trump campaign ad mocks Kamala Harris,3632970
38,CNN STUNNED When Kamala Director Said THIS About Trump,742946
92,CNN projects Donald Trump wins critical battleground state of Pennsylvania,614168
674,CT ĐẶC BIÊT 9/11/2024: Ô Trump sẽ trở thành Tổng Thống duy nhất bổ nhiệm nhiều chánh án Tối Cao PV,52381
675,"CT ĐẶC BIỆT 10/11/2024: Thắng cử chưa nhận chức, thế giới đã lật đật thay đổi, tránh đối đầu Ô Trump",58106
631,Celebrities Who Support Kamala Harris or Donald Trump,208434
394,"Celebs Like Oprah Didn't Help Kamala, But Trump on Rogan Might Have Helped Him Win, w/ Fifth Column",1624475
294,Charlamagne Tha God Reacts To Trump Winning The 2024 Presidential Election,530396
80,Chicagoans react to Donald Trump winning the presidential election,187805
339,"China's president congratulates Trump on win, says U.S. and China 'must get along' ",65300
504,Christie on Trump: 'He's going to be convicted.',7454402
57,Confused Trump embarrasses himself live on air,760714
549,"Congratulations, Donald Trump! 👏🏼 #emin #donaldtrump #trump #president",329229
174,Could Elon Musk Be a Part of Trump's New Administration?,151577
525,Cómo TRUMP quiere ACABAR con la GUERRA en Ucrania @VisualPolitik,830146
110,Dana White: Donald Trump Debate was 3 to 1,108518
275,Dave Bautista Shreds Trump’s Masculinity,2504614
284,Democrats reclaim FREEDOM from Trump,2295892
327,Desi Lydic Reacts to Trump's Election Win & the Media's Blame Game | The Daily Show,4692354
64,Did Kamala Harris Almost Call Donald Trump Her Favorite Curse Word?,3502698
83,Did Trump just describe... kidnapping? #dailyshow #Trump #women,437807
652,"Dijeron que SE IRIAN DEL PAIS si ganaba Trump, esto es lo que dicen AHORA QUE GANO",250641
229,Donald #Trump al lavoro da McDonald’s attacca #Harris: “Lei non ci ha mai lavorato”,174494
551,Donald Trump #ytangan #short #shorts #worldleaders #donaldtrump #trump'swife #trumpchild #trumpgrand,51786
538,Donald Trump - All I Do Is Win (T-Pain Remix),152818
282,Donald Trump - America First (Rap Song),614681
288,Donald Trump Considers Defunding Schools That Teach About Slavery,213583
61,Donald Trump Dance 🤩🤩 #donaldtrump #trump #dance #usa 🇺🇸🇺🇸,270251
104,Donald Trump Elected President AGAIN: America Gets Back with Their Crazy Ex,562520
587,Donald Trump Full Speech: Donald Trump Speaks After Winning The 2024 Presidential Election,49285
659,"Donald Trump Gets Emotional - Speaks On Tariffs, Obama & Iran | PBD Podcast | 489",3068575
85,Donald Trump Has Won the 2024 Election. Now What?: A Closer Look,2722632
175,Donald Trump Interview | Lex Fridman Podcast #442,6274818
668,Donald Trump Latest News | Ramaswamy's Next Big Role In Trump Administration | US News LIVE | N18G,2156182
594,Donald Trump Won The 2024 Presidential Election...,273496
569,Donald Trump Won 😳,414117
342,Donald Trump and Logan Paul FACE OFF 👀,349739
116,Donald Trump arriving at #UFC295 alongside Dana White and Kid Rock 🔥 #Shorts,864227
46,Donald Trump asked Joe Rogan for Endorsement 😭🤣,12703114
39,Donald Trump asked about Tony Hinchcliffe’s Puerto Rico Joke 😳🤔￼,2335298
40,Donald Trump boosts Mar-a-lago security with robotic dog patrol,810140
84,Donald Trump calls our country a garbage can.,271026
71,Donald Trump declares victory in US presidential election. #USElection #DonaldTrump #BBCNews,70407
76,Donald Trump declares victory in the US election,778431
537,"Donald Trump delivers remarks at a rally in Milwaukee, WI",279480
614,Donald Trump delivers remarks at the Al Smith dinner,1218050
524,Donald Trump derrotó a Kamala Harris y es el nuevo presidente de Estados Unidos,424364
207,"Donald Trump full speech at Al Smith Dinner in New York City (Oct. 17, 2024)",1133189
486,Donald Trump gana las elecciones: discurso completo en español,508062
93,Donald Trump goes after Michelle Obama at Atlanta campaign rally,1553545
625,Donald Trump invited us on Trump Force One!,7088246
234,Donald Trump is a CERTIFIED fight fan 👊,4247666
272,Donald Trump is simply exhausted.,46505
481,Donald Trump is simply exhausted.,46507
540,Donald Trump is the 47th President - We Did It!,1188041
449,Donald Trump is the 47th President - We Did It!,1188041
555,Donald Trump just got a job at McDonald’s 😂,22843201
349,Donald Trump on JRE and Kill Tony? 🤔🤯,2224548
125,Donald Trump on The Joe Rogan Experience Finally Happened 🤯😳,1623101
455,"Donald Trump peut bouleverser le monde entier, voici pourquoi",922941
225,Donald Trump reacts to Putin saying he'd prefer Kamala Harris as US president. #USElection #BBCNews,210460
133,Donald Trump rushed off stage after shots ring out at rally | REUTERS,4476618
243,"Donald Trump says he will concede the #election to Kamala Harris ""if it's a fair election.""",144817
127,Donald Trump serves up McDonald’s fries. #Trump #DonaldTrump #BBCNews,204464
484,Donald Trump será el próximo presidente de Estados Unidos con el voto electoral y el popular,258312
396,Donald Trump speaks after winning the 2024 Presidential Election,18869789
570,Donald Trump surprises McDonald's customers at a drive-through,2272495
296,Donald Trump surprises McDonald's customers at a drive-through,2272495
423,Donald Trump wants to go on Rogan AGAIN 😳🤔,1951800
37,Donald Trump wins swing state Pennsylvania,295312
72,"Donald Trump ‘acted like a man’, says Putin",4039870
54,Donald Trump's 2024 Win: Hollywood REACTS,863915
325,Donald Trump's Ex-Staff Members Reveal All,1650041
366,Donald Trump's Latest Speeches Are Full of Incoherent Rambling,380515
444,Donald Trump's SHOCKING impact on India? : Geopolitical Case study,1442326
544,Donald Trump's SHOCKING impact on India? : Geopolitical Case study,1442326
140,Donald Trump's Warning About the 2024 Election If He Loses,366074
618,Donald Trump's family #ytangan #shorts #short #trump'sfamily #melaniatrump #barrontrump #trumpchild,92927
56,Donald Trump's full victory speech,6816813
74,Donald Trump: 'Diddy is a good friend of mine',91309
400,Donald Trump: ‘This is Tic Tacs - This is inflation’,6995223
117,EAM Jaishankar Breaks Down EXACTLY What The Trump 2.0 Presidency Means For India,520517
545,ELECCIONES 2024: Donald Trump gana la presidencia con una contundente victoria ante Kamala Harris,1651714
564,EXCLUSIVE LOOK INSIDE TRUMP TOWER IN NEW YORK CITY!,108350
191,Eating The Cats 🙀 (Donald Trump Remix) #music,6001145
606,Election Night In America | Donald Trump vs. Kamala Harris | PBD Podcast | Ep. 503,5479648
475,Election results LIVE: AP race calls and electoral map 2024,13138097
665,Elon Musk and Trump Meet Again in Mar-A-Lago in A Closed Meeting,40427
215,"Elon Musk at Trump rally in Butler, PA: FULL SPEECH",1931621
185,"Elon Musk full speech at Trump rally in Madison Square Garden (Oct. 27, 2024)",370029
170,"Elon Musk joined call between Trump and Zelenskyy, Fox confirms",753613
527,"Elon Musk's final deranged warning, Joe Rogan ENDORSES TRUMP",95403
177,"Elon Musk, Cardi B & More Stars React to Donald Trump, Kamala Harris Election Results | E! News",195239
113,"Elton John Reacts To Donald Trump Calling Kim Jong Un ""Rocketman""",3955192
227,Enten breaks down path to victory for Trump and Harris: Could be an electoral college 'blow out',753127
11,Epstein on Trump: Bombshell Audio Released,60543
259,Exclusive: Trump tells NBC News there is 'no price tag' for his deportation plan,147836
50,FBI says it stopped attempt on Trump's life,244051
95,FULL SPEECH: Trump projected winner of 2024 presidential election,1069478
336,Fauci reveals what happened after correcting Trump at 2020 Covid briefing,2222746
489,Fmr. U.S. AG: Trump will prosecute enemies,180034
338,Former Donald Trump Voter Supports Kamala Harris at the DNC,2022190
422,Former Staffer Reveals Trump Jan 6 Remark That Made Her ‘Sick’,501998
492,Former Trump aide reacts to Trump's crowd size conspiracy theories,1325566
89,Former U.S. president Donald Trump orders 30 milkshakes at Atlanta Chick-fil-A,9635117
118,Former VP Mike Pence Won't Endorse Donald Trump,1260278
314,Fox News Host Warns Against Donald Trump's Economic Plans,665374
512,Full Donald Trump Interview Live on Bloomberg,405333
68,Full Trump victory speech,592734
126,GOD BLESS THE USA - TRUMP MUSIC VIDEO,1395572
333,GOD BLESS THE USA - TRUMP MUSIC VIDEO,1395572
643,GOOD EARLY VOTING RESULTS!! SHOCKING NEW POLLING UPDATE: Harris vs Trump 2024 Election,201721
662,"GOP WINS HOUSE, Decision Desk CALLS IT, Trump SWEPT 2024 NUKING Democrats w/Brick Suit | Timcast IRL",139062
167,Gen. Jack Keane: This threat against Trump is 'serious',601228
501,Global reactions to Trump’s victory in US election | Al Jazeera Newsfeed,45262
673,God saved Trump? #USElection #DonaldTrump,12172
500,Gratulálunk Trump Elnök úrnak! Nagy terveink vannak! 🇭🇺🇺🇸,65972
473,Gutfeld: Joy Reid has completely lost her crap over Trump victory,755996
184,HOLY CRAP! Trump makes BEST Decision of Presidency!,2831597
541,Hanging Out With Donald Trump Backstage After Endorsing Him For President,557133
627,Happening Now: Trump makes final pitch in Pennsylvania ahead of Election Day,55319
485,Happening Now: Trump makes final pitch in Pittsburgh ahead of Election Day,67110
246,Harris addresses US after losing election to Trump: “We must accept the results” | FULL,257778
87,Harris and Trump release comically different ads,2050431
413,Harris and Trump supporters share why they voted for them,27598
97,Harris vs. Trump: Who Are Celebrities Endorsing in the 2024 Election?,118468
79,"Harris: Trump has an enemies list, I have a to-do list",199588
190,Here's How Donald Trump Jr. Knew His Dad Was Going To Run Away with Landslide 2024 Election Victory,172458
208,Here's how #ElonMusk's business empire could benefit from a #Trump presidency.,50008
558,Holy! Trump's plan will change EVERYTHING in The United States | Redacted w Clayton Morris,380628
142,Hosts break down in laughter over left's Trump meltdown: 'They call us weird?!',2627421
69,How Democrats are reacting to Trump’s 2024 presidential win,2320748
130,How European leaders are reacting to Trump's presidential win | DW News,99223
228,How Harris or Trump could win 270 electoral votes,513981
222,How Harris or Trump could win the election,1238407
47,How Kamala Harris' campaign is reacting to Trump's projected win,429689
58,How The View Reacted to Donald Trump's Election Win,114567
613,How Trump Dealt With Kim Jong Un,15982841
586,How Trump Is DESTROYING The Left With EVERY Move He Makes!,21886
641,How Trump Treats Heroes vs. Biden 🇺🇸,8801110
220,How Trump won the Amish vote in Pennsylvania,508456
218,How Trump’s Win Could Change The World Forever,105922
109,How Trump’s second term will be different,4847562
124,How US networks reacted to Donald Trump's election victory,1821871
343,How could Donald Trump end the war in Ukraine in 24 hours?,13703
478,How election night has unfolded so far as Trump is on the brink of victory,403679
589,How is Donald Trump protected #ytangan #short #shorts #donaldtrump #trumpprotected #worldleaders,707033
600,"I went to a Trump rally, here is what I saw.",974935
334,IN FULL: Elon Musk delivers speech at Donald Trump’s New York rally,3671283
101,"If You Think Donald Trump Will Protect Free Speech, Think Again",368311
372,Inmigrantes indocumentados temen que Trump cumpla su promesa de deportaciones masivas,20269
9,Inside the early days of the Trump transition,13001
302,I’m Voting For Donald Trump…🙏🏾🇺🇸,54611
328,JD Vance says 'I've learned my lesson' on speaking for Trump,335208
583,JFK and LINCOLN react to Trump Incident #shorts,7760352
379,Jan. 6 hero on Trump's debate lies,612510
96,Jimmy Kimmel Chokes Back Tears After Trump's Election Win,356899
206,Jimmy Kimmel Reacts to Donald Trump Winning the Presidential Election,8625804
644,Jimmy Kimmel reacted to Donald Trump's election victory - It's a nightmare,255682
427,"Jimmy Kimmel: Trump is dangerous and stupid, and that's a bad combination",2702306
283,Joe Asks Trump About Ending Military Conflicts and Avoiding WW3,3757265
131,Joe Biden addresses nation from White House after Trump's election win | BBC News,295869
301,Joe Biden urges Americans to 'bring down the temperature' after Donald Trump's election victory,30502
171,"Joe Calls Trump ""Too Big to Rig"" and Dave Smith Warns Trump Against Appointing Mike Pompeo",3338976
521,Joe Rogan Experience #2219 - Donald Trump,49002762
632,Joe Scarborough’s LIE-FUELED MELTDOWN Over Trump’s Win!,379460
180,John Oliver learns about former President Trump’s ‘I HATE TAYLOR SWIFT’ post #emmys,324550
262,"Jon Stewart on Trump's McDonald's Shift & His ""Enemy Within"" Threat | The Daily Show",6697779
416,Joy debunks Trump's debate lies,1148260
450,"Judge Jeanine: 'Trump haters' already 'melting down,' pushing 'doomsday' scenarios",648518
82,Judge Judy on what she thinks about Donald Trump,3393779
483,Judge unseals presidential immunity motion in Trump's Jan. 6 case,821226
666,Kai Trump Election Night Vlog,680703
280,Kamala Harris Laughs About Donald Trump's 'Concepts of a Plan',905622
406,Kamala Harris Reacts to Trump's Comments on Police Immunity,177835
440,Kamala Harris accuses Donald Trump of 'demeaning and belittling' the American people,36615
36,Kamala Harris calls Trump to concede presidential race,360323
494,Kamala Harris makes dig at Donald Trump as fans boo result,109920
405,"Kamala Harris on Her 'Unstable' Opponent, Donald Trump",207953
316,Kamala Harris says she worked at McDonald’s after Trump tried to troll her,63357
320,Kamala deals MAJOR BLOW to Trump,1143743
347,Kamala finally NAILS Trump on MAJOR issue,471473
195,Kara Swisher issues warning about Elon Musk after Trump win,632782
591,Kayleigh McEnany: No one would have predicted Trump could do this,609039
329,Kellyanne Conway 'personally' thanks 'The View' for Trump's victory,1330774
395,Ken Griffin expects Donald Trump to win the White House,126339
276,"Kevin O’Leary: Trump saved the Democrats, too",293562
332,Kremlin denies Trump and Putin call discussing Ukraine,39436
137,Kremlin: Putin has no plans to congratulate Trump,297603
548,"LIVE 2024 Election Results: Trump vs Harris, Senate, House",1584951
645,LIVE ELECTION Results Trump v Kamala w/The Daily Wire | Timcast IRL,2509474
637,"LIVE REPLAY: President Trump Holds a Rally in Gastonia, NC - 11/2/24",327162
633,"LIVE REPLAY: President Trump Holds a Rally in Kinston, NC - 11/3/24",406583
98,LIVE US ELECTION 2024: Donald Trump vs Kamala Harris | 7NEWS,978877
670,"LIVE | Trump Declares War On LGBTQ+ | Ban On Gender-Affirming Car, Penalty For Docs",4679923
672,LIVE | Trump Latest News | Donald Trump's Big Announcement | US Elections 2024 Latest News | N18G,13150491
621,LIVE: Donald Trump hosts major MAGA rally in Pennsylvania,165428
557,LIVE: Donald Trump visits McDonald’s on MAGA tour of Pennsylvania,2629658
476,LIVE: HARRIS-TRUMP ELECTION RESULTS 2024,5163880
669,"LIVE: Latest News and Analysis on November 11, 2024 | CBS News",24433
642,"LIVE: President Trump Holds a Rally in Raleigh, NC - 11/4/24",300868
623,"LIVE: President Trump Holds a Rally in Reading, PA - 11/4/24",287426
7,"LIVE: President Trump in Grand Rapids, MI",466127
148,"LIVE: President Trump in Green Bay, WI",149099
8,"LIVE: President Trump in Pittsburgh, PA",243219
608,"LIVE: President Trump in Traverse City, MI",115589
90,"LIVE: President Trump in Tucson, AZ",138672
66,LIVE: Trump CRACKS EMERGE After Election…QUICKLY,34950
281,LIVE: US Election results - Trump vs Harris,10300199
530,La peor pesadilla de Europa se llama Donald Trump: esta es la amenaza para el Viejo Continente,160282
480,Lara Trump on Kevin Rudd’s future as US Ambassador if Trump wins election,80463
63,Late-night hosts react to Trump’s win,40039
132,Lefties in tears following Donald Trump's presidential victory,3062395
160,Lefties losing it: All the best meltdowns after Donald Trump’s victory,3747246
661,Liberals LOSE THEIR MINDS Over Trump VICTORY!,290316
636,Libs are SHAVING Their Heads to Own Trump 🤣,498089
219,Live: Donald Trump's rally in Pittsburgh closes final 2024 Election push in pivotal Pennsylvania,140433
477,Liz Cheney says she does not consider herself to be a member of 'Trump's Republican Party',2636567
597,Los latinos preguntan... Donald Trump responde,943443
224,MSM In SHAMBLES Over Trump Win; Joy Reid BLAMES White Women,262395
393,MSNBC host calls Florida govt ‘fascist’ as media reacts to Donald Trump’s victory,353671
386,MSNBC in meltdown after Donald Trump's McDonald's shift,3711386
70,Maddow's instant reaction to the Biden-Trump debate,1982674
341,Making Trump the ‘boogie man’ doesn’t solve voters’ problems: Rep. Smith,15483
186,Male and Latino voters boost Trump to win presidential election,156374
201,Map: How did Trump win 2024 election? | Morning in America,222201
158,Mark Cuban Supported Trump... Until He Talked to Him,331491
223,Mark Cuban brilliantly EXPOSES Trump,1162439
311,"Mark Cuban: What Trump says is 'ridiculous, if not insane'",456253
309,Maybe Trump should just quit politics and sell stuff full-time,988465
463,Megyn Kelly on Liz Cheney and the Media Completely Lying About Trump's Anti-War Point to Smear Him,533465
237,Michael Moore predicts 'Trump is toast' in 2024,1258697
321,Migrants Flood NYC… To Avoid Trump Deportations,1763984
81,Millions of women enraged by Trump win,73376
239,Minister quizzed over 'repugnant' Trump tweet and Labour's growth plans,14473
163,Mitt Romney Debunks Donald Trump's 'Successful Businessman' Con,3498581
27,Molly Jong-Fast: How Trump used misogyny to beat Harris,88007
99,Monologue: Losers Look in the Mirror | Real Time with Bill Maher (HBO),1112509
619,My Experience at Trump/Harris Rallies as a Foreigner,2042385
289,NEW footage of Secret Service rushing Trump to car,19953331
554,"NOTICIAS DEL DÍA: Trump inicia su venganza, los demócratas culpan a Biden y alerta total en Ucrania",992922
359,Nancy Pelosi Calls Out CNN for Platforming Trump's Childish Insults,1596828
664,Never forget this! #trump 🇺🇸🇺🇸 #maga #donaldtrump #trump #shorts #video #viralvideo #usa,1693854
138,New poll: Kamala Harris erases Trump's swing state lead,1544862
221,"Nikki Haley Tells Trump, JD Vance Not to 'Call Kamala Harris Dumb'",3887223
308,Obama Rips Into Trump for Putting Name on Pandemic Relief Checks,394539
245,Obama calls out Trump's closed McDonald's photo op,317456
562,Obama drops final humiliation on Trump,396456
100,Obama on Trump's weird statements,856547
292,Obama reacts to Trump's Madison Square Garden rally,658861
260,Obama revisits Trump era stimulus,1318776
111,Obama roasts Trump's 'weird obsession',3604690
249,Obama vs. Trump,333569
390,Ohio Dad Begs Donald Trump to Stop Politicizing His Son's Death,1263924
24,Omarosa: Take Trump at his word,122482
420,On the trail with the Boss (and President Obama).,4097788
164,Operation Trump: Russian Spies Conquer America,728323
371,"Path to 270: Donald Trump, Kamala Harris in 'dead heat' in latest polling",612492
503,Path to the presidency: How Trump and Harris can reach the White House,981542
535,Pidato Kemenangan Trump: Sebut Muslim dan Janji Tak Ada Perang,401405
491,Piers Morgan reveals who he thinks will win the 2024 election,2259132
53,Plunging Back Into The Trump Hole | VP Harris Concedes | We Know What's Coming,3228215
59,"President Biden Reacts to Trump's ""Unified Reich"" Ad",1771401
122,President Trump loves his trees #golf,6481963
254,Project 2025: Military becomes Trump's 'MAGA force',363919
43,"Putin 'awaits Trump’s call’ to discuss Ukraine crisis and US, Russia relations",262315
247,Putin Celebrates Trump's Election Victory While Biden Consoles America | The Tonight Show,257676
41,"Putin congratulates Trump on election win, says a new world order is underway",134335
474,"Putin congratulates Trump on election win, says he’s ‘ready’ for talks",530307
417,Putin hails ‘new world order’ after Trump reelection,342266
182,Putin's First Reaction To Trump Victory; 'Won't Congratulate...' | Watch | U.S. Election 2024,737013
28,Qualifications for Trump’s appointees: nepotism and loyalty #dailyshow #trump,410863
266,Recomendaciones para indocumentados ante el temor por el regreso de Donald Trump a la presidencia,406062
168,Reminder: Trump Said There Should Be 'Punishment' for Abortions,104239
102,"Rep. Jasmine Crockett: To quote Kendrick Lamar, Trump is 'not like us'",4141452
593,Report: Trump raged about funeral cost for 'f---ing Mexican' U.S. soldier,438851
261,Robert De Niro: Trump thinks he’s a ‘gangster’,2408712
14,Russian TV Shows Explicit Photos of Melania to 'Congratulate' Trump on his Election Victory,57467
657,Ruto Kwisha‼️TRUMP sends BAD NEWS to RUTO afew HOURS after WIN Tension HIGH in STATEHOUSE Details,31550
592,SAVE OUR ECONOMY - VOTE TRUMP!,292272
6,SNL for Trump Cold Open - SNL,4156624
256,SNL icon helps Harris ROAST Trump,1893100
149,SURPRISE: Donald #Trump helps a mom pay for groceries in Pennsylvania | LiveNOW from FOX,7047339
361,Sacha Baron Cohen Moderates a Debate Between Trump and Harris as Borat and Ali G | The Tonight Show,2963631
231,Scottish official LAYS INTO Trump in FIERY Speech,321477
236,See Megyn Kelly's message to Donald Trump after rally,842433
258,See how offensive Puerto Rico joke could backfire on Trump in Pennsylvania,1461500
267,See results of CNN's final nationwide Trump-Harris poll,1047961
211,Shock as Joe Rogan endorses Donald Trump in a spectacular blow to the Democrats,1006075
86,Simpsons PREDICTED Trump shooting?!,165837
172,"Some Republicans are done with Trump, but are they done voting for him? #DailyShow #JordanKlepper",2930397
582,Somebody’s Upset That Trump Won 😂😱 #shorts #trump,19229
78,Stephen A. Smith On The Minority Vote For Trump And If He Would Run For Office | The View,479417
136,Stephen A. Smith On The Minority Vote For Trump And If He Would Run For Office | The View,479417
91,Stephen A. Smith Saw Trump's Win 'Coming From A Mile Away' | The View,604404
651,Steve Harvey On Donald Trump 2024!!,2180050
319,Student to Trump: ‘Do you see me as human?’,960596
411,Support for Ukraine hangs in the balance with Trump comeback and a German government in crisis,50032
542,Swing state voters ERUPT for Trump: Democrats are 'ruining this country',756753
414,Symone to Trump: What are the ‘Black jobs’?,3761671
588,TRUMP (Official Music Video) Cheema Y | Gur Sidhu | New Punjabi Song 2024,354041
603,TRUMP (Official Music Video) Cheema Y | Gur Sidhu | New Punjabi Song 2024,33218176
248,"TRUMP DEFEATS KAMALA, WORLD IN SHOCK",512887
647,TRUMP DROPS MOST IMPORTANT VIDEO ON THE INTERNET RIGHT NOW! 🇺🇸🚨MOUNT RUSHMORE STATUS,28960
634,TRUMP ROCKED BY BOMBSHELL NEWS... IN NEVADA?!,764082
536,TRUMP VUELVE: La ABRUMADORA PALIZA que nadie esperaba @VisualPolitik,800954
655,TRUMP WINS (AGAIN!) MEDIA MELTDOWNS GO SUPER NOVA - GREATEST COMEBACK IN HISTORY!,548211
628,TRUMP WINS! Kamala Can Be Indian Again. | Candace Ep 98,1797869
649,TRUMP WINS!!!,1157926
263,TRUMP Wins! Why the Democrats LOST SO BADLY,168911
42,TRUMP: “Happy Birthday Kamala” birthday wishes on her 60th birthday,7274260
505,TX Rep Compares Kamala Harris to 'Underqualified' Donald Trump,4668176
639,Team Trump Gets Ready To TAKE OVER,531396
563,The BEST Celebrity MELTDOWNS As Trump WINS Election,1967594
313,The Double Standard of Trump and Harris' Campaign Coverage,775823
658,The Most Savage Moment in Donald Trump History,12008288
626,The ONLY Way to Celebrate Trump WIN 🇺🇸,97451
188,The REAL Reason Donald Trump Won The Election! 🇺🇸,270753
77,The Simpsons 'Predicted' Donald Trump 2024 Back in 2015,2290929
264,The Trump Cabinet members refusing to endorse him,3046195
514,The Trump Effect | Why the World is Already a Better Place,188334
198,The Trump assassination attempt doesn't add up... in that it adds up too easily #DailyShow,1919762
616,The Trump transition has begun,376194
34,The factors that led to Donald Trump's victory,38425
446,The majority of women voted for Trump!,876807
335,The majority of women voted for Trump!,876807
410,The most likely paths to electoral victory for Trump and Harris,783748
44,The real V.P.? Musk deeply involved in Trump transition as Trump takes steps toward oligarchy,82724
194,The world reacts to Donald Trump's election win,386650
157,Theo and Donald Trump discuss Kamala Harris,1184655
365,"These #Trump supporters are mad about his trial, but they're not January 6th mad yet #DailyShow",3979155
407,Third Trump assassination attempt thwarted,1904818
439,This Is What Donald Trump Said About Elon Musk After Claiming Victory,89514
238,This is America: Confronting Trump’s ‘red romp‘ with facts over fear,330717
210,This is why many countries fear Donald Trump | By Prashant Dhawan,3170433
315,Thousands Queue Outside New York Donald Trump Rally | 10 News First,34434
129,Tony Hinchcliffe back on stage after Trump Rally￼ Controversy 😳🤯,3793199
354,Trump 'debate prep' mocked,1810163
575,Trump *BOUNCES BACK* in election odds after good polls,303146
610,Trump 2024🔥🔥 #viral #shorts #trump #edit #recommended,165551
576,"Trump Crushes Harris in Early Voting! PA Voter Fraud, FINAL Map Prediction | The Decision Ep. 17",1159871
348,Trump DANCES with Adin Ross 🕺,170006
581,Trump Does UNTHINKABLE ACT **AGAIN** at Closing Speech,1857244
507,Trump Does the UNTHINKABLE at his FINAL SPEECH,2938036
306,Trump Has Won the US Election: Here’s Our Foreign Policy Forecast,905861
611,Trump Is 47th🌏 Breakthrough To Velyka Novosilka⚔️ Kurakhove Endgame🔥 Military Summary For 2024.11.06,159157
656,Trump LOSES IT on Fox News as Fox Liberal HITS HIM WHERE IT HURTS!,307573
241,Trump Makes Crowd Laugh With Extended Riff About Wearing Trash Collector Vest To Rally In Green Bay,2164637
51,Trump Minion Elon Musk Calls Jimmy a Propaganda Puppet & MAGA Floats Baseless Election Conspiracies,4108994
337,"Trump On Who Really Tried to Kill Him, Abortion & More",8202273
193,Trump Or Kamala? Jaishankar Answers Who's Better For India | US Presidential Election | PM Modi,121218
620,Trump PA Town Hall BLOWS UP in His FACE on Live TV,1109059
663,"Trump STUNS World! Elected President in Historic LANDSLIDE, WINS Popular Vote! 'Best Comeback Ever'",751383
10,Trump Speaks to Putin After Promising to End Ukraine War | Vantage with Palki Sharma,165788
189,"Trump Victory - What it means for Ukraine, Middle East, Russia, China and Europe | BBC News",247700
448,Trump Victory Aftermath And Answers,396418
598,Trump WALKED OUT ON at VA Speech…Gets HUMILIATED!!,1588534
152,Trump Wins The White House. Again.,916433
197,"Trump Wins, Why the Dems Failed, & America’s Future",1919077
233,Trump Won The Popular Vote. What That Means For Him And The GOP. - John Dickerson,730900
253,Trump announces Susie Wiles as chief of staff,371344
60,Trump baila al ritmo de ‘YMCA’ tras ganar en los estados decisivos,393221
279,Trump calls Harris a 's--- VP',214737
487,Trump campaign hasn't heard from Biden or Harris since projected 2024 victory,2856510
345,Trump campaign hasn't heard from Biden or Harris since projected 2024 victory,2856498
114,Trump can't seem to criticize Harris without making it gross and personal #DailyShow #Trump,1991496
290,Trump claims every seat at rally is full — as camera pans to empty chairs,82184
389,Trump comienza a armar su Gobierno y dice que las deportaciones masivas van | Noticias Telemundo,337352
141,Trump credits son Barron for urging him to do Joe Rogan podcast,715967
638,Trump dancing to INCREDIBLY AWESOME music!,8079630
384,Trump deals HIMSELF October surprise,453662
318,Trump defends criticizing Kamala Harris' intelligence #shorts,311725
12,Trump demands Senate majority leader allow recess appointments,57254
577,Trump does UNTHINKABLE ACT at EMPTY NC Final Speech,1063859
509,Trump gana la presidencia: advertencia para migrantes – abogado de inmigración explica qué esperar,1090940
299,Trump ganó por la ansiedad #lapulla #donaldtrump,23964
257,Trump gets endorsed by imam at Michigan rally,1020895
357,Trump hit with BOMBSHELL new indictment,539109
438,Trump hits back after being labeled 'dangerous' by Dems,947454
382,Trump holds a rally at Madison Square Garden,2276880
607,Trump holds final rally of 2024 presidential race in battleground Michigan,472742
429,"Trump is a ‘walking, living, breathing avatar’ of American frustration: Obama WH speechwriter",14640
106,"Trump keeps referring to Taylor Swift as ""beautiful""",401205
506,Trump makes final pitch to voters at Pittsburgh rally,1261441
214,"Trump mocks Biden, but wait for it..",4105899
196,Trump mocks his sexual assault accuser,603295
217,Trump names first-ever female as White House chief of staff,1440984
552,Trump official responds to shocking poll that shows Harris leading in key swing state,289814
166,Trump on Putin ‘Endorsing’ Harris: Did he insult me or did me a favor?,4038392
147,Trump or Harris: Poilievre on who is better for Canada,75370
312,Trump rally ENDS as Trump has BIZARRE episode on stage,1088504
121,Trump rally victim's LAST WORDS,6582151
601,"Trump returns to site of assassination attempt for rally with JD Vance, Elon Musk",1704576
255,Trump says Biden and Harris called him after second assassination attempt,70654
383,Trump says he was 'surprised' Kamala Harris skipped Al Smith dinner: 'Terrible',3753617
134,Trump says his kids won't serve in his administration: 'Too painful',1162486
21,Trump selects Tom Homan as new 'border czar',32967
298,Trump shuts down 'white supremacy' question in comical way,10818797
378,Trump strikes back after on stage mic failure,4004454
412,Trump stunned by Kamala Harris remark: 'She said that?!',784983
368,Trump sues CBS News for $10 billion over Harris interview | LiveNOW from FOX,733692
120,Trump supporters celebrate as Harris backs out of speech,1632424
204,Trump tells NBC News he has a mandate ‘to bring common sense’ to country,3030127
15,"Trump to begin mass deportations, pardon Capitol rioters | LiveNOW from FOX",283168
35,Trump to meet with Biden as new details emerge about transition,59107
183,Trump voters are about to get what they deserve,1092668
151,Trump wants us to believe he only did January 6 as a gig for hire #DailyShow #Trump #JonStewart,1235185
123,Trump weighs more picks for incoming cabinet,351069
546,Trump will get away with it. Merrick Garland is partly to blame: Ankush Khardori,39599
409,"Trump wins 2024 presidential election, CBS News projects | full coverage",5263145
153,"Trump wins 2024 presidential election, CNN projects",1045658
143,Trump works the fryer at McDonald's in Pennsylvania,119758
461,"Trump's Landslide Victory Causes Massive Media Meltdown, w/ Fifth Column, Lowry, Cooke, and Callahan",1390890
559,"Trump's Landslide Victory Causes Massive Media Meltdown, w/ Fifth Column, Lowry, Cooke, and Callahan",1390959
20,Trump's Plan for Religion and Indoctrination in U.S. Schools,19889
250,Trump's Potential Attorney General Should TERRIFY You,187457
330,"Trump's Spinning Over Hitler Comparison, Jumps at Biden’s ""Garbage"" Comment & What is a Black Job?",4070624
622,Trump's TRUE NATURE,12832122
242,Trump's Victory Speech Was Absolute Cinema,2731925
297,Trump's big day with influencer Adin Ross,9505305
192,Trump's debate checklist: Asshole✅ Liar ✅ #dailyshow #debate #trump,3365710
115,Trump's deportation plan will be a 'cost savings' for Americans: Ex-ICE director,352776
176,Trump's microphone moment raises eyebrows,786485
16,"Trump's promises ""might cause Canadians to bristle,"" former Republican strategist says",34971
105,Trump's proposed immigration plan for second term,104044
178,Trump's triumph: What does it mean for Germany? | DW News,51569
274,"Trump, Zelenskyy agreed to ""advance"" cooperation in Russia, Ukraine conflict",60554
340,Trump: 'This Harris spokesperson OWNS Fox News',1166415
307,Trump: Billionaire backed by billionaires,277849
287,Trump: Hiding from the media?,236486
565,Trump: “God created two genders”,46277
360,Trumps trumps 🔥,12390
55,Trump’s Businesses: Last Week Tonight with John Oliver (HBO),2921868
424,Trump’s OWN cameraman HUMILIATES him at his rally,1192067
653,US Election *FINAL PREDICTION* Donald Trump vs Kamala Harris,880343
609,US Election *FINAL PREDICTION* Donald Trump vs Kamala Harris,880343
590,US Election 2024 LIVE: Polls Tighten as Trump & Harris Target Swing States | Trump vs Harris,1183697
529,US Election 2024 | Trump Victory! - Hamid Mir Analysis | Media vs Trump,210101
612,"US Elections 2024 LIVE: Donald Trump, Melania Trump Cast Their Vote in Palm Beach",505357
640,"US Elections 2024 LIVE: Donald Trump, Melania Trump Cast Their Vote in Palm Beach",505357
205,US Elections: Donald Trump Thanks Wife Melania With A Hug & Kiss At Florida Victory Rally #shorts,616398
187,US election: Donald Trump declares victory | BBC News,1831880
159,US networks react to Donald Trump's historic election win,115374
285,Ukraine shifts on peace talks after Trump’s victory,121910
162,"Ukraine’s Zelenskyy, EU congratulate Trump",58323
456,Ukrainian residents react to Trump win as Russia's Putin says he won't be sending congratulations,72544
73,"Undertaker Joins Trump to Endorse Him, Mock Dave Bautista #usa",74283
437,Unhinged women shave their heads to protest Trump’s victory,607135
108,VP Harris addresses Trump assassination attempt,1407592
418,Vea el discurso completo donde Trump declara que ganó (antes de ser oficial) | Noticias Telemundo,198814
453,Victoria de Trump amenaza varios programas migratorios: te contamos cuáles y qué se puede esperar,264671
139,Voici les célébrités qui soutiennent Donald Trump,285187
419,WATCH LIVE: Trump holds campaign rally at Madison Square Garden in New York,1740673
277,"WATCH LIVE: Trump holds campaign rally in Allentown, Pennsylvania",197502
251,WATCH LIVE: Trump holds final campaign rally in Michigan before voting begins Tuesday,149410
103,"WATCH LIVE: Trump hosts election night watch party in West Palm Beach, Florida",1538537
441,WATCH: Harris addresses the nation after Trump wins 2024 election | NBC News,1315377
286,WORLD LEADERS CONGRATULATE TRUMP | I WILL END ALL WARS | PM Modi congratulates Trump,1150703
373,"Wallace on Trump's offensive MSG rally: ""This is who he is""",371644
344,Walz: Trump's town hall would be funny.. if he wasn't running for president,419042
216,Was Donald Trump's Madison Square Garden rally an evocation of Nazism?,127429
650,Watch Trump React with PANIC to SHOCK KAMALA POLL,702468
458,Watch Trump attempt to clarify remarks he made against Liz Cheney,426991
648,Watch Tucker's Face When Elon Musk Exposes the Real Lesson from the Election,4474702
358,Watch: Jimmy Failla hits Times Square to ask people if Trump or Kamala will win,604908
45,What A U.S. Economy Under Trump Will Look Like,419245
150,What Donald Trump's win mean for Kenya's foreign policy,149832
112,"What Donald Trump's win means for Ukraine, Middle East, Russia and UK | BBC News",498086
398,What Trump admires about his sons,4711348
362,What Trump has said about Project 2025 and its authors,229926
244,What Trump’s Victory Means,1428989
49,What Trump’s second term could mean for military members and veterans,77208
376,What can Germany expect with Harris or Trump? | DW News,55885
518,What can Germany expect with Harris or Trump? | DW News,55885
128,What did Donald Trump say to Vladimir Putin on the phone? | 9 News Australia,96351
144,What happens to Trump’s criminal cases now?,901905
199,What happens to court cases against Trump after his win?,67970
29,What to Expect Now That Donald Trump Won the Election,337748
369,What will Trump’s second term look like?,1721245
654,When Woke Liberals REALIZE That Donald Trump Won #1,527300
468,"White women helped Trump win. Now, their preferences are shifting",633640
326,Who the f**k taught Donald Trump about the Alien Enemies Act of 1798? #dailyshow,1765898
200,Why Economists Hate Trump's Tariff Plan | WSJ,2484112
466,Why Elon Musk and His Tech Allies Want Trump to Win Now | WSJ,2193269
599,Why Elon Musk and His Tech Allies Want Trump to Win Now | WSJ,2193349
19,Why Latinos voted in record numbers for Donald Trump,22258
322,Why Trump doesn't drink or smoke,2748400
617,Why did Latinos in Texas vote for Trump?,347064
572,Why did Trump win US Election? | The Chanakya Dialogues Major Gaurav Arya |,832657
135,Why is Donald Trump's granddaughter in the spotlight?,2688578
646,Will Trump’s 10-point plan to DISMANTLE the Deep State work?,165061
615,Woke Hollywood In MELTDOWN MODE After HUGE Donald Trump Victory | Celebrity Endorsements Are OVER!,254737
30,World leader TROLLS Trump online,326782
154,World leaders react to Trump’s historic return to the White House,243752
88,World leaders react to Trump’s win,128735
629,You better not come across the border with all of this garbage into our country #trump #harris,36777
146,Zelensky reacts to Trump refusing to say if he supports Russia or Ukraine,1488491
161,Zelenskyy congratulates Trump on 'impressive victory' | US election 2024,63556
293,Zuckerberg Calls Trump ‘Badass’ Without Endorsing Him,258092
508,"[1편] 트럼프 2.0 시나리오, '경제 대변혁' 미국 대선 결과가 경제에 미칠 충격적 시나리오 | 미국대선특집 심층토론 | 김광석,박정호,오태민,박세익",207589
304,"[뉴스쏙] 트럼프 2기 '방위비 분담금' 향방 주목…美, '주한미군 철수' 협박?｜동맹보단 사업가적 접근 가능성…""日, 국방예산 증액 긍정적…한국도 마찬가지""",14989
270,"[뉴스쏙] 트럼프, 푸틴과 통화…""우크라이나 확전 말라""｜유럽 내 미군 존재 언급…조만간 후속 대화?｜우크라 정부, '통화' 반대 안 해 / 연합뉴스TV (YonhapnewsTV)",249225
451,"[뉴스특보] 트럼프, 미 대통령 당선…국제사회에 미칠 파장 촉각 / 연합뉴스TV (YonhapnewsTV)",63749
624,[에디터픽] 나토 가입 못하면 '핵무장'…전문가들 경고한 우크라 '최후의 카드' / YTN,18633
425,"[에디터픽] 트럼프 등에 업은 머스크..인공지능·우주·암호화폐, 규제 철폐 전망 / YTN",52968
385,"[에디터픽] 트럼프 캠프 인사, 충격 발언..우크라이나 '초비상' / YTN",475437
408,"[에디터픽] 트럼프, 기후 변화 부정..""녹색 신종 사기"" / YTN",113847
519,"[이슈 직진] 영토 20% 뺏긴 우크라이나, 트럼프 당선되면 이대로 전쟁 끝? | MBN 241106 방송",68920
269,"[이슈] 트럼프 승리, 핵심 키워드는? ""경제·이민·샤이 트럼프""/2024년 11월 6일(수)/KBS",166651
391,[이슈픽] 우크라이나 '초비상'..트럼프의 결정은? / YTN,104398
173,"[이슈픽] 트럼프, 대선 승리 선언...""47대 대통령에 당선돼 영광""ㅣ번역 / YTN",59672
18,"[자막뉴스] ""부탁해요 한국"" 트럼프가 콕 집었다…우르르 몰린 곳이 / JTBC News",214518
580,[자막뉴스] '대선 당일' 여론조사 결과가...해리스·트럼프 투표 후 남긴 말 / YTN,240040
511,[자막뉴스] '머니 머신' 한국이 받게 될 압박...트럼프 '재협상' 던질까 / YTN,57918
498,[자막뉴스] '슈퍼 엔저' 분노한 트럼프...日 방위비·경제 '직격탄' 청구서 예고 / YTN,198018
460,[자막뉴스] 전쟁 종식 호언장담한 트럼프...실현 눈 앞으로? / YTN,289354
513,"[자막뉴스] 트럼프 반대했던 美 스타들 ""블랙리스트 오나"" 긴장 (2024.11.07/MBC뉴스)",77361
434,[자막뉴스] 트럼프 언급하며 돌변한 푸틴...마음 급해진 젤렌스키 '발 동동' / YTN,327494
17,"[지식뉴스] ""주한미군, 한국 주둔 불필요해""...'트럼프 2.0 시대' 대한민국에 닥칠 일 (ft.이현식 SBS D콘텐츠제작위원) / 교양이를 부탁해 / 비디오머그",462083
26,"[지식뉴스] ""주한미군의 진짜 용도는..."" 트럼프는 '한국 독자 핵무장' 전격 허용할까 (ft. 이현식 SBS D콘텐츠제작위원) / SBS / 교양이를 부탁해",229774
1,"[지식뉴스] ""주한미군의 진짜 용도는..."" 트럼프는 '한국 독자 핵무장' 전격 허용할까 (ft. 이현식 SBS D콘텐츠제작위원) / SBS / 교양이를 부탁해",229774
443,"[트럼프 당선 ] 머스크가 최대승자...테슬라 주가 +8%, 시총 1조달러",25285
517,"[트럼프 재집권] ""김정은과 브로맨스 재연…트럼프 2기에 북한은 골칫거리""",17582
533,"[트럼프 재집권] 시진핑, 당선 축하 메시지…""中美, 싸우면 모두 다쳐""",22506
560,"[핫라인] '장녀' 가고 '장남' 왔다···'킹 메이커' 트럼프 주니어, 잠재적 대권주자 되나?",163983
585,"[🔴미국의 선택] NYT ""트럼프 당선 확률 95%""..'최대 승부처' 펜실베이니아 승리 / YTN",1373515
595,"[🔴속보] CNN ""도널드 트럼프, 미국 제 47대 대통령 당선 확정"" / YTN",973787
31,talking recovery with Donald Trump,4975746
490,¿Por qué los latinos votaron por Donald Trump? - En Punto,74307
671,‘Amazing’: Donald Trump's gender bill receives praise,787800
32,‘He’s going to be a president for all Americans’: Vivek Ramaswamy on Trump’s election,193034
94,"‘It doesn’t make sense’: See Obama vet on Trump’s decisive, baffling 2024 win",1478481
479,"‘Something is off here,’ reporter reveals the ‘disgust’ for Trump within his own campaign",1296596
573,‘The Five’ reacts to Trump’s historic Madison Square Garden rally,1033528
119,‘They all turned on Donald Trump’: JD Vance to Jake Tapper,229430
179,‘We do need to have conversations as a party’: Dem analyst as Trump appears on brink of win,611028
324,‘실세’ 일론 머스크?…트럼프 “새로운 스타 탄생” / 채널A / 김진의 돌직구쇼,16365
596,“Body Language” - 25 Reasons Trump Will Win The 2024 Election Barring a Black Swan Event,1265103
469,“I Requested 25 Times To Speak To Kamala!” Dr Phil Trump Speech Was ‘Act of REBELLION’,988179
278,“Is it true Donald Trump tried to give you money to endorse him one time?”,46947
375,“Obama is ANGRY” - Donald Trump BLAMES Obama For Losing The Black Vote,1818845
33,“This is not the end” - Jon Stewart #DailyShow #Election #Trump,377952
317,"“Trump Broke Kimmel” - Lara Trump ROASTS Kimmel, Cardi B & J. Lo After Trump’s Election DOMINANCE",761332
155,"“땡큐 트럼프”…머스크, 1800억 쓰고 36조 벌었다 / 채널A / 뉴스A",171536
291,“머스크는 아주 특별한 슈퍼 천재” 트럼프는 온몸으로 그를 표현했다! / 14F,267599
464,“전체 팀” 사진에 트럼프 가족 총출동 / 채널A / 뉴스A,123435
445,그래서 우린 어떻게 되는데요? 트럼프 발언으로 보는 한반도에 미칠 영향｜크랩,775509
568,"니가 왜 거기서 나와? 트럼프 장남, 순복음 '간증'｜지금 이 장면",90065
403,"달라진 북한...""트럼프, 더 위험해진 김정은 마주하게 될 것"" / YTN",27725
421,"도널드 트럼프, 제47대 미국 대통령 당선 '승리 연설' - BBC News 코리아",130292
630,도널드 트럼프가 빈스 맥마흔을 때렸던 순간의 회상,44546325
471,"돌아온 트럼프, 그 전과 달라진 점은? (김흥종 교수) | 인포맥스라이브 저녁 7시",90062
556,"북한군 들어간 우크라에 ""깜짝 놀랄 방법으로""...트럼프,김정은 압박 가능성 [지금이뉴스] / YTN",115014
457,불도저 트럼프 간다…첫날 쏟아낼 '행정명령' #shorts,20620
209,블도저 트럼프 시동 건다…첫날 쏟아낼 '행정명령' / SBS 8뉴스,596078
459,수락 연설장에 모인 트럼프 가족들…딸·부인·아들·며느리 총출동 [뉴스9],62092
232,실세로 떠오른 트럼프 장남…한국과 인연 주목 / 채널A / 뉴스TOP 10,463242
402,우크라이나 전쟁 24시간 안에 끝낸다던 트럼프‥과연? (2024.11.06/뉴스데스크/MBC),1592901
303,"위기의 동북아, 트럼프는 어떤 선택을 내릴까 [임용한 역사학자]",54639
510,"윤 대통령-트럼프 12분 간 전화…""도와줘 한국!"" (자막뉴스) / SBS",86655
452,윤 대통령이 트럼프와 나눈 말 / 티조Clip #shorts,455188
566,이민자 쫓아내고 전쟁 손떼나 '트럼프 스톰' 세계가 술렁 [뉴스.zip/MBC뉴스],63620
526,일론 머스크가 트럼프 최대 수혜자인 이유 / 티조Clip #shorts,43118
528,"전문가들 ""트럼프 재집권에 비트코인 10만달러 도달 가능""",11793
305,전쟁 끝나면 '끝장' 나나…트럼프 경고와 반대로 간다 #뉴스다 / JTBC News,531466
515,"트럼프 ""100% 넘는 관세 부과""...아시아 국가들 '대혼란' [지금이뉴스] / YTN",24330
531,"트럼프 ""한국은 머니머신""…분담금 외 추가 청구 가능성 / JTBC 뉴스룸",86683
470,트럼프 2.0 시대는 이렇게 달라집니다...미국인들이 다시 트럼프를 선택한 이유 / 박정호 교수 (1부),199104
404,"트럼프 2.0시대 일론 머스크, 9000조 美 예산 주무른다",29027
442,트럼프 K조선업 러브콜…LNG·군함 다 잡는다/한국경제TV뉴스,73404
431,트럼프 ‘젊은 남성’ 지지 비밀 병기는 18살 막내아들 / 채널A / 뉴스A,105578
578,트럼프 당선 시 2차전지 향방은? / 박순혁 작가 [오만한 인터뷰] | Market Now 2 (20241105),184445
553,트럼프 당선 직후 극락과 나락 갈린 셀럽 2명 #shorts,15629
397,"트럼프 당선에 날개 단 머스크...테슬라, 시총 1조 달러 돌파 / YTN",15391
430,"트럼프 반대 시위 분출‥트럼프 측 ""통합이 최우선"" (2024.11.11/뉴스투데이/MBC)",14649
496,트럼프 승리에 베팅한 머스크…이민자 선택도 트럼프 [MBN 뉴스7],21632
381,"트럼프 전 보좌관 ""우크라이나, 영토 말고 평화 추구해야"" / YTN",47341
399,"트럼프 전쟁 끝내기 전에…""북한군 등 5만 명 집결, 교전 임박"" (자막뉴스) / SBS",35447
579,"트럼프, '여유만만' 연설…""위대한 승리 쟁취"" / SBS / 바로 이 뉴스",22296
497,"트럼프, 2000억 쓴 머스크에 “미국에서 가장 중요한 사람” / 채널A / 특집 뉴스A",907918
561,"트럼프, 美대선 승리선언…""47대 대통령 당선돼 영광""",75709
435,"트럼프, 미국 대선 승리 선언…""47대 대통령에 당선돼 영광""/ 연합뉴스 (Yonhapnews)",60218
539,"트럼프, 미국 대선 승리 선언…""47대 대통령에 당선돼 영광""/ 연합뉴스 (Yonhapnews)",60218
310,"트럼프, 푸틴에 ""확전 말라""...러시아·우크라 전쟁 향방은? [앵커리포트] / YTN",12199
502,"트럼프, 한국 기술력 극찬하며 ""협력 필요""...尹과 통화 중 나온 내용 [지금이뉴스] / YTN",272009
550,"트럼프, 한국과의 ‘깜짝 인연’…“태권도복 입고 연설 약속” / 채널A / 뉴스TOP 10",124645
432,트럼프가 손짓한 그녀...비서실장 될 수지 와일스는 누구? [이슈영상],49471
331,트럼프는 정말 우크라이나 전쟁과 가자 전쟁을 빨리 끝낼 수 있을까? (24.11.08 방송) / 비디오머그 / 딥빽,43410
387,"트럼프에 축하 보낸 젤렌스키...""지난 9월이 기억에 남는다"" [지금이뉴스] / YTN",87444
571,트럼프와 '개표방송 파티'...머스크가 올린 한 장의 사진 [지금이뉴스] / YTN,80179
462,"한국 교회에서 목격된 트럼프 장남, 어쩐 일? #JTBC #Shorts",12700
350,휘청이는 中에 '설상가상'...출격 임박한 트럼프발 '폭탄 관세' [지금이뉴스] / YTN,13889
543,"🇺🇲 Ông Trump phát biểu mừng chiến thắng: ""Tôi sẽ dừng lại tất cả các cuộc chiến tranh” | VTC Now",1628678
584,"🇺🇸 Melania Trump takes the stage at Donald Trump rally in Madison Square Garden, New York",1328883
495,🔴 LIVE: Election results in the race between Donald Trump and Kamala Harris,3750098
534,🚨 Epstein SECRET AUDIO on Trump LEAKS and… IT’S BAD!!,1050114
660,"🚨 LIVE Election 2024 Updates: Polls CLOSE Results Are In! Data Signal Trump Landslide, Kamala PANIC",2988902
532,🚨INCREIBLE: TRUMP GANÓ Y DA DISCURSO DE VICTORIA,492708
482,🚨¡Última Hora! Mensaje del próximo presidente de EE.UU; Donald Trump,205080
